Tweet,Cluster
"RT @idextratime: âœ… RESMI : Liverpool kini SAMAI jumlah trofi Liga Inggris Manchester United. ğŸ¤ğŸ†

ğŸ“ @sportingintel https://t.co/svqHzHypfT",5
"Siapa sangka, 11 pundit Premier League tak ada satu pun yang memprediksi Liverpool juara Liga Inggris 2024/25.
Ya namanya juga pundit, mereka tetaplah manusia biasa. ğŸ˜
Selamat Liverpool! #Liverpool #LiverpoolFC #Liverpoolchampions #PremierL
https://t.co/NDTpoyd9sm",2
"@DwiPrasetyaSan1 @TohhirRadin @LaunchSatelite @liskiataumi @idextratime @footballontnt Iyaa tau ko bang, cuman yang gua bilang tim yang pernah juara. Liga Inggris lebih banyak kan, itu kan udah menggambarkan segimana kompetitif nya liga itu",20
"RT @mitosbola: Liverpool Berpeluang Pecahkan Rekor Selisih Poin Terbesar Liga Inggris

U-kiss #HQ_AGZEPS147 #HANDSUP_BY_MEOVV

https://t.coâ€¦",7
"RT @mitosbola: Liverpool Berpeluang Pecahkan Rekor Selisih Poin Terbesar Liga Inggris

U-kiss #HQ_AGZEPS147 #HANDSUP_BY_MEOVV

https://t.coâ€¦",7
"RT @idextratime: âœ… RESMI : Liverpool kini SAMAI jumlah trofi Liga Inggris Manchester United. ğŸ¤ğŸ†

ğŸ“ @sportingintel https://t.co/svqHzHypfT",5
"@NAGAHITAM__ @idextratime @footballontnt Banyakan Persija vs Persib, berrt liga inggris gak ada apa apanya Ama liga indo",29
"@captMarvelouss @idextratime @footballontnt Lah sok tau, liga inggris yg udh juara eropa byk yg ngerasain, di ucl aja big six hampir semuanya udh pernah juara. Liga lain cuma barca, madrid, munchen yg juara ucl, udh itu2 aja. Argumen lu gaje",3
"RT @The_RedsIndo: Gary Neville menegaskan bahwa Liverpool adalah klub terbesar di Inggris.

Neville: ""Liverpool memiliki lebih banyak Pialaâ€¦",1
"@pretendto068 @The_RedsIndo Arsenal secara tropi aja terbanyak ketiga setelah Liverpool &amp; MU, dilihat dari tropi liga Inggris juga Arsenal nomor 3, jadi tim mana yg ngga layak?",23
"RT @The_RedsIndo: Daftar kapten Liverpool saat memenangi gelar Liga Inggris:

ğŸ´ó §ó ¢ó ³ó £ó ´ó ¿ Alex Raisbeck (1900-01, 1905-06)
ğŸ´ó §ó ¢ó ³ó £ó ´ó ¿ Donald Mackiâ€¦",6
@The_RedsIndo Kan emang 20.. yg blg 2 siapa? Klo d format EPL mmg 2.. klo total juara Liga utama Inggris y 20.. gmn dah? Kan mmg sama dgn MU 20 juara.. biasa itu.. dulu pas MU masih 7 gelar trus nyamain jd 18 apakah seberisik ini jg?,15
"RT @lupa_mancing: Mentari menyapa juara liga inggris. Scouse is not england. Kepalkan tanganmu kawandâœŠâœŠ. Sampai menang.
#YNWA #aaauuuwww htâ€¦",9
"RT @nagromsew: @utdfocusid Lho ini ngakunya skrg punya 20 gelar? Ga 13 EPL?

Adu bacot sama fans Liverpool :
MU punya 13 gelar EPL, Liverpoâ€¦",24
"RT @The_RedsIndo: Gary Neville menegaskan bahwa Liverpool adalah klub terbesar di Inggris.

Neville: ""Liverpool memiliki lebih banyak Pialaâ€¦",1
"RT @theflankerID: LIVERPOOL JUARA PREMIER LEAGUE

- Memutus dominasi Manchester City
- Slot mampu juara di musim perdana, lebih dulu dari Aâ€¦",21
"Liverpool Kunci Juara Liga Inggris usai Hajar Tottenham Hotspur 5-1

Cakeeeppp",17
@DwiPrasetyaSan1 @Seiiraz @LaunchSatelite @liskiataumi @idextratime @footballontnt Hadiahnya juga banyakan liga inggris.apa lagi udah jelas Uefa dan para wasit...nya Kebanyakan bepihak ke tim spanyol,10
"RT @txtdrkeylie: mau 13 epl kek, 2 epl kek. itungan secara keseluruhannya ttp GELAR LIGA INGGRIS. fans emyu jgn berisik dah kocak, mendingâ€¦",0
"@ppnnooxx @AlfnGnrs @aldibawazier_ lah postingan lain beda konteks lah pea, selain baper, fans mu gak bisa ngecerna tulisan ya alias minim literasi....makanya stop bahas sejarah biar gak baper dan stress, btw Selamat liverpool udah menang 20 trofi liga Inggris",12
"@ppnnooxx @AlfnGnrs @aldibawazier_ nah coba lo baca lagi postingan aldi, ada bawa bawa MU? soalnya setau aku format liga inggris emang berubah sejak tahun 92.... Kebanyakan bahas sejarah jadinya baperan njir",12
"RT @utdfocusid: Pejamkan mata lalu nikmati detik-detik terakhir kita sebagai penguasa Liga Inggris dengan 20 gelar juaranya.

Sebentar lagiâ€¦",28
"@notfakboyyy @liskiataumi @idextratime @footballontnt musim ini enggak sih
dari 12 tim yang masih main di kompetisi eropa 4 dari liga inggris
dan musim depan ada kemungkinan inggris punya 6 wakil di liga champions kalau MU/Spurs juara europa",26
"RT @The_RedsIndo: Gary Neville menegaskan bahwa Liverpool adalah klub terbesar di Inggris.

Neville: ""Liverpool memiliki lebih banyak Pialaâ€¦",1
"@Seiiraz @TohhirRadin @LaunchSatelite @liskiataumi @idextratime @footballontnt Liga spanyol pemilik terbanyak gelar juara eropa. Bukan cuman UCL. UEL juga, bahkan sejak 2006, final UCL/UEL aja kalau tim spanyol vs inggris aja menang tim spanyol",10
"RT @The_RedsIndo: Daftar kapten Liverpool saat memenangi gelar Liga Inggris:

ğŸ´ó §ó ¢ó ³ó £ó ´ó ¿ Alex Raisbeck (1900-01, 1905-06)
ğŸ´ó §ó ¢ó ³ó £ó ´ó ¿ Donald Mackiâ€¦",6
@idextratime @footballontnt predikat liga terbaik sih masih bisa diperdebatkan. tapi yang pasti liga inggris ini liga terseru untuk diikuti. apalagi jam tayangnya bersahabat untuk asia. kalau nonton liga lain gak tau kenapa bawaannya bosen ditonton.,13
"RT @panditfootball: Wataru Endo jadi samurai keempat yang juara Liga Inggris ğŸ‡¯ğŸ‡µ

Siapa lagi pemain Jepang yang bakal juara di Inggris? ğŸ¤” htâ€¦",4
Liverpool Patahkan Prediksi Tak Dijagokan Juara Liga Inggris 2024/2025 https://t.co/IRptZXDsD4,2
"RT @The_RedsIndo: Gary Neville menegaskan bahwa Liverpool adalah klub terbesar di Inggris.

Neville: ""Liverpool memiliki lebih banyak Pialaâ€¦",1
"RT @The_RedsIndo: Gary Neville menegaskan bahwa Liverpool adalah klub terbesar di Inggris.

Neville: ""Liverpool memiliki lebih banyak Pialaâ€¦",1
"@TohhirRadin @LaunchSatelite @liskiataumi @idextratime @footballontnt Prestasi juara liga champion atau Europa, kalo dilihat banyak tim liga Inggris ko yang juara dibanding liga2 lain contoh Spain yang juara champions paling madrid barca liga Inggris nothingham sama Aston aja pernah",20
"RT @BetaKopites: Dulu, pernah jadi lawan di Liga Belanda. 

Sekarang, jadi satu tim dan Juara bersama di Liga Inggris. 

Arne Slot ğŸ¤ Virgilâ€¦",18
"Mentari menyapa juara liga inggris. Scouse is not england. Kepalkan tanganmu kawandâœŠâœŠ. Sampai menang.
#YNWA #aaauuuwww https://t.co/Jtku5yAdv3",9
RT @hariankompas: Liga Inggris musim 2024-2025 adalah pembuktian Liverpool sebagai tim perkasa meskipun awalnya dipandang sebelah mata. Musâ€¦,8
"@friginiawan @FabrizioRomano @VidioSports Ente kalo langganan mola atau vision+ apa gak kejang-kejang ğŸ˜…

Ini yg provide liga 1, Liga Inggris yg grafiknya gede, bisa lancar jaya aja masih dibacotin",3
"RT @deMan45567577: @aldibawazier_ Yg jelas, Divisi Utama Liga Inggris ada sejak 1888

Khusus Liverpool, gelar juara liga mereka sebagian beâ€¦",19
"RT @The_RedsIndo: Gary Neville menegaskan bahwa Liverpool adalah klub terbesar di Inggris.

Neville: ""Liverpool memiliki lebih banyak Pialaâ€¦",1
"RT @idextratime: âœ… RESMI : Arsenal kembali kalah tipis dalam perebutan gelar juara Liga Inggris.

2023 : Runner-up 
2024 : Runner-up 
2025â€¦",22
"RT @txtdrkeylie: mau 13 epl kek, 2 epl kek. itungan secara keseluruhannya ttp GELAR LIGA INGGRIS. fans emyu jgn berisik dah kocak, mendingâ€¦",0
@mitosbola mantps liverpool juara liga inggrisğŸ”¥,17
"RT @panditfootball: Wataru Endo jadi samurai keempat yang juara Liga Inggris ğŸ‡¯ğŸ‡µ

Siapa lagi pemain Jepang yang bakal juara di Inggris? ğŸ¤” htâ€¦",4
"RT @The_RedsIndo: Tim Big 5 dan kapan mereka terakhir juara Liga Inggris

â€¢ Liverpool: 2025
â€¢ Man City: 2024
â€¢ Chelsea: 2017
â€¢ Man United:â€¦",16
"RT @mitosbola: Liverpool Berpeluang Pecahkan Rekor Selisih Poin Terbesar Liga Inggris

U-kiss #HQ_AGZEPS147 #HANDSUP_BY_MEOVV

https://t.coâ€¦",7
"RT @BetaKopites: Pemain Liverpool musim ini yang statusnya sudah dapet 2 gelar Liga Inggris:

TAA
Alisson
CURTIS JONES
Joe Gomez
Mohamed Saâ€¦",27
"@utdfocusid Belegug, ngitung jumlah titel juara liga Inggris selalu dari perubahan nama liga. ...siga bolon waeğŸ˜…",25
@idextratime @footballontnt Liga lain mainya bisa 70 %  bisa sambil leha lehe bisa tetap menang.kalau di inggris main kaya gitu bisa  kalah lawan tim papan bawah  SEKALIPUN.,11
"RT @The_RedsIndo: Gary Neville menegaskan bahwa Liverpool adalah klub terbesar di Inggris.

Neville: ""Liverpool memiliki lebih banyak Pialaâ€¦",1
"RT @The_RedsIndo: Gary Neville menegaskan bahwa Liverpool adalah klub terbesar di Inggris.

Neville: ""Liverpool memiliki lebih banyak Pialaâ€¦",1
"RT @arsenalskitchen: Selamat, Liverpool. Juara Liga Inggris 2024/2025.

Konsisten itu selalu krusial. Liverpool yg paling punya aspek itu sâ€¦",14
